{"count":1,"self":29.887129599999998,"total":30.077060799999998,"children":{"InitializeActuators":{"count":3,"self":0.00050829999999999994,"total":0.00050829999999999994,"children":null},"InitializeSensors":{"count":3,"self":0.0020109999999999998,"total":0.0020109999999999998,"children":null},"AgentSendState":{"count":1259,"self":0.0050843999999999993,"total":0.10442349999999999,"children":{"CollectObservations":{"count":756,"self":0.0866839,"total":0.0866839,"children":null},"WriteActionMask":{"count":756,"self":0.0020031,"total":0.0020031,"children":null},"RequestDecision":{"count":756,"self":0.0106521,"total":0.0106521,"children":null}}},"DecideAction":{"count":1259,"self":0.0065899999999999995,"total":0.0065899999999999995,"children":null},"AgentAct":{"count":1259,"self":0.075396999999999992,"total":0.075396999999999992,"children":null}},"gauges":{},"metadata":{"timer_format_version":"0.1.0","start_time_seconds":"1756168836","unity_version":"2022.3.6f1","command_line_arguments":"X:\\UNITY\\2022.3.6f1\\Editor\\Unity.exe -projectpath E:\\UNITY\\BombermanTower\\unity -acceptSoftwareTermsForThisRunOnly -useHub -hubIPC -cloudEnvironment production -licensingIpc LicenseClient-olcan -hubSessionId 04d7d2a1-a131-4460-a7a8-8ec5b68d8513 -accessToken BCZ9igMh2M5FcHwJUDgvHX9SjqVDbMEZTR-TbE6aVjE011f","communication_protocol_version":"1.5.0","com.unity.ml-agents_version":"2.0.1","scene_name":"BombermanTowerScene","end_time_seconds":"1756168866"}}